{
  "cards": [
    {
      "question": "Pourquoi LV est moche ?",
      "answer": "Feur",
      "probability": 0.020505868,
      "statCard": {
        "nbTimesSeen": 38,
        "nbTimesCorrect": 17,
        "nbTimesWrong": 21,
        "timesSpent": [
          2796,
          835,
          672,
          697,
          891,
          700,
          738,
          1284,
          687,
          789,
          2821,
          917,
          931,
          1342,
          953,
          2491,
          756,
          1551,
          1304,
          892,
          1403,
          3555,
          1104,
          768,
          749,
          779,
          751,
          755,
          1182,
          2277,
          1476,
          1553,
          1429,
          891,
          7314,
          3841,
          1792,
          55844
        ]
      },
      "tags": [],
      "media": {
        "file": "logo_UL.jpg",
        "type": "IMG"
      }
    },
    {
      "question": "Pourquoi ?",
      "answer": "Feur",
      "probability": 0.037109375,
      "statCard": {
        "nbTimesSeen": 9,
        "nbTimesCorrect": 7,
        "nbTimesWrong": 2,
        "timesSpent": [
          1419,
          1165,
          1456,
          740,
          743,
          759,
          753,
          758,
          733
        ]
      },
      "tags": []
    },
    {
      "question": "Est ce que la sauvegarde fonctionne ?",
      "answer": "Oui",
      "probability": 0.08029175,
      "statCard": {
        "nbTimesSeen": 17,
        "nbTimesCorrect": 10,
        "nbTimesWrong": 7,
        "timesSpent": [
          2238,
          906,
          12881,
          691,
          684,
          1112,
          765,
          1129,
          808,
          804,
          784,
          809,
          861,
          2457,
          943,
          2291,
          1424
        ]
      },
      "tags": []
    },
    {
      "question": "Est ce que la sauvegarde fonctionne toujours ?",
      "answer": "Oui",
      "probability": 0.022354126,
      "statCard": {
        "nbTimesSeen": 20,
        "nbTimesCorrect": 10,
        "nbTimesWrong": 10,
        "timesSpent": [
          1039,
          688,
          656,
          688,
          734,
          1478,
          2332,
          1690,
          2226,
          1118,
          786,
          765,
          823,
          801,
          1027,
          837,
          789,
          776,
          908,
          1226
        ]
      },
      "tags": []
    }
  ],
  "tags": [],
  "statDeck": {
    "nbTimesOpened": 1,
    "nbTimesCorrect": 0,
    "nbTimesWrong": 0,
    "nbCardsSeen": 0,
    "timesSpent": 0,
    "lastOpened": 1672946331334,
    "creationDate": 1672858275777
  },
  "name": "deck",
  "description": "Le deck tah les fou"
}