{
  "cards": [
    {
      "question": "Pourquoi LV est moche ?",
      "answer": "Feur",
      "probability": 0.5000801,
      "statCard": {
        "nbTimesSeen": 46,
        "nbTimesCorrect": 24,
        "nbTimesWrong": 22,
        "timesSpent": [
          2796,
          835,
          672,
          697,
          891,
          700,
          738,
          1284,
          687,
          789,
          2821,
          917,
          931,
          1342,
          953,
          2491,
          756,
          1551,
          1304,
          892,
          1403,
          3555,
          1104,
          768,
          749,
          779,
          751,
          755,
          1182,
          2277,
          1476,
          1553,
          1429,
          891,
          7314,
          3841,
          1792,
          55844,
          2300,
          3533,
          3059,
          4160,
          4547,
          2776,
          5849,
          4452
        ]
      },
      "tags": [],
      "media": {
        "file": "logo_UL.jpg",
        "type": "IMG"
      }
    },
    {
      "question": "Pourquoi ?",
      "answer": "Feur",
      "probability": 0.001159668,
      "statCard": {
        "nbTimesSeen": 14,
        "nbTimesCorrect": 12,
        "nbTimesWrong": 2,
        "timesSpent": [
          1419,
          1165,
          1456,
          740,
          743,
          759,
          753,
          758,
          733,
          1255,
          2679,
          3851,
          1817,
          1579
        ]
      },
      "tags": []
    },
    {
      "question": "Est ce que la sauvegarde fonctionne ?",
      "answer": "Oui",
      "probability": 0.0050182343,
      "statCard": {
        "nbTimesSeen": 21,
        "nbTimesCorrect": 14,
        "nbTimesWrong": 7,
        "timesSpent": [
          2238,
          906,
          12881,
          691,
          684,
          1112,
          765,
          1129,
          808,
          804,
          784,
          809,
          861,
          2457,
          943,
          2291,
          1424,
          4759,
          2224,
          1729,
          1731
        ]
      },
      "tags": []
    },
    {
      "question": "Est ce que la sauvegarde fonctionne toujours ?",
      "answer": "Oui",
      "probability": 0.0110246455,
      "statCard": {
        "nbTimesSeen": 37,
        "nbTimesCorrect": 21,
        "nbTimesWrong": 16,
        "timesSpent": [
          1039,
          688,
          656,
          688,
          734,
          1478,
          2332,
          1690,
          2226,
          1118,
          786,
          765,
          823,
          801,
          1027,
          837,
          789,
          776,
          908,
          1226,
          2244,
          3090,
          2971,
          3721,
          2581,
          1483,
          1444,
          1518,
          3291,
          3806,
          3026,
          3190,
          2277,
          2676,
          2618,
          3927,
          2429
        ]
      },
      "tags": []
    }
  ],
  "tags": [],
  "statDeck": {
    "nbTimesOpened": 11,
    "nbTimesCorrect": 0,
    "nbTimesWrong": 0,
    "nbCardsSeen": 0,
    "timesSpent": 0,
    "lastOpened": 1673000618569,
    "creationDate": 1672858275777
  },
  "name": "deck",
  "description": "Le deck tah les fou"
}